{
  "40": [],
  "52": [
    {
      "z": 69.21,
      "y": -323.77,
      "x": 1159.44
    },
    {
      "z": 38.15,
      "y": 2708.1,
      "x": 1166.78
    },
    {
      "z": 42.15,
      "y": 2669.01,
      "x": 544.5
    },
    {
      "z": 34.98,
      "y": 3602,
      "x": 1393.15
    },
    {
      "z": 12.33,
      "y": -905.1,
      "x": -1225.3
    },
    {
      "z": 7.91,
      "y": 589.09,
      "x": -3041.25
    },
    {
      "z": 15.04,
      "y": 309.88,
      "x": -2970.96
    },
    {
      "z": 42.06,
      "y": 4927.75,
      "x": 1701.72
    },
    {
      "z": 29.42,
      "y": -1755.71,
      "x": -50.7
    },
    {
      "z": 12.83,
      "y": 1004.56,
      "x": -3241.03
    },
    {
      "z": 55.24,
      "y": 3293.95,
      "x": 2710.86
    },
    {
      "z": 32.34,
      "y": 3741.8,
      "x": 1964.67
    },
    {
      "z": 40.16,
      "y": -381.17,
      "x": -1488.68
    },
    {
      "z": 103.57,
      "y": 324.88,
      "x": 377
    },
    {
      "z": 108.62,
      "y": 385.81,
      "x": 2558.06
    },
    {
      "z": 29.5,
      "y": -1347.47,
      "x": 29.04
    }
  ],
  "60": [
    {
      "z": 94.12,
      "y": -382.86,
      "x": 2506
    }
  ],
  "61": [
    {
      "z": 29.8,
      "y": -1435.32,
      "x": 306.58
    },
    {
      "z": 50,
      "y": -583,
      "x": 305
    },
    {
      "z": 34.5,
      "y": -338.42,
      "x": -463.67
    },
    {
      "z": 34.28,
      "y": 3667.26,
      "x": 1828.13
    }
  ],
  "71": [
    {
      "z": 36.59,
      "y": -1709.56,
      "x": 136.08
    },
    {
      "z": 66.21,
      "y": -472.87,
      "x": 1212.17
    },
    {
      "z": 32.84,
      "y": 3727.99,
      "x": 1933.21
    },
    {
      "z": 29.29,
      "y": -1710.31,
      "x": 134.77
    }
  ],
  "72": [
    {
      "z": 39,
      "y": -135.84,
      "x": -352.94
    },
    {
      "z": 22.17,
      "y": -1088.22,
      "x": 729.16
    },
    {
      "z": 13.18,
      "y": -1994.11,
      "x": -1148.52
    },
    {
      "z": 37.79,
      "y": 2644,
      "x": 1179.05
    },
    {
      "z": 31.78,
      "y": 6625.64,
      "x": 110.7
    }
  ],
  "73": [
    {
      "z": 37.42,
      "y": -154.35,
      "x": -711.31
    },
    {
      "z": 42.06,
      "y": 4820.49,
      "x": 1689.29
    },
    {
      "z": 38.22,
      "y": 2706.09,
      "x": 1199
    },
    {
      "z": 29.37,
      "y": -1391.16,
      "x": 78.62
    },
    {
      "z": 29.49,
      "y": -807.84,
      "x": 422.37
    },
    {
      "z": 17.32,
      "y": -774.02,
      "x": -1196.41
    },
    {
      "z": 31.87,
      "y": 6514.44,
      "x": 0.61
    },
    {
      "z": 54.55,
      "y": -218.71,
      "x": 124.54
    },
    {
      "z": 19.11,
      "y": 2708.82,
      "x": -1097.86
    },
    {
      "z": 20.86,
      "y": 1051.89,
      "x": -3170.29
    },
    {
      "z": 11.33,
      "y": -1076.82,
      "x": -818.76
    },
    {
      "z": 39.71,
      "y": -302.3,
      "x": -162.18
    },
    {
      "z": 37.41,
      "y": -154.21,
      "x": -712.28
    },
    {
      "z": 42.09,
      "y": 2756.28,
      "x": 617.84
    }
  ],
  "75": [
    {
      "z": 20.83,
      "y": 1074.76,
      "x": -3169.42
    },
    {
      "z": 33.03,
      "y": 3749.95,
      "x": 1862.07
    },
    {
      "z": 103.59,
      "y": 180.81,
      "x": 322.11
    },
    {
      "z": 4.95,
      "y": -1425.48,
      "x": -1153.31
    }
  ],
  "93": [
    {
      "z": 82.17,
      "y": 284.97,
      "x": -555.16
    },
    {
      "z": 30.82,
      "y": -618.42,
      "x": -1388
    }
  ],
  "100": [
    {
      "z": 30.5,
      "y": -1391.3,
      "x": 55.7
    },
    {
      "z": 18.48,
      "y": -933.06,
      "x": -700.01
    }
  ],
  "109": [],
  "110": [
    {
      "z": 21.82,
      "y": -939.91,
      "x": -663.57
    },
    {
      "z": 108.73,
      "y": 300.06,
      "x": 2569.44
    },
    {
      "z": 36.69,
      "y": -392.84,
      "x": -1310.64
    },
    {
      "z": 69.94,
      "y": -47.13,
      "x": 248.45
    },
    {
      "z": 18.55,
      "y": 2695.98,
      "x": -1115.16
    },
    {
      "z": 34.7,
      "y": 3754.87,
      "x": 1696.98
    },
    {
      "z": 31.45,
      "y": 6080.03,
      "x": -327.41
    },
    {
      "z": 20.83,
      "y": 1084.48,
      "x": -3167.55
    },
    {
      "z": 28.19,
      "y": -1027.62,
      "x": 843.89
    }
  ],
  "121": [
    {
      "z": 29.28,
      "y": -1289.25,
      "x": 126.55
    }
  ],
  "140": [],
  "162": [],
  "225": [],
  "226": [],
  "266": [
    {
      "z": 12.81,
      "y": -1219.52,
      "x": -1843.59
    }
  ],
  "309": [],
  "313": [
    {
      "z": 29.79,
      "y": -1108.05,
      "x": 21.13
    },
    {
      "z": 29.61,
      "y": -2157.64,
      "x": 812.37
    }
  ],
  "356": [
    {
      "z": 5,
      "y": -1424.97,
      "x": -854.76
    }
  ],
  "359": [
    {
      "z": 13.95,
      "y": -3410.83,
      "x": -1152.17
    },
    {
      "z": 13.95,
      "y": -3266.66,
      "x": -1395.4
    },
    {
      "z": 32.83,
      "y": 3274.79,
      "x": -2470.22
    },
    {
      "z": 32.81,
      "y": 3157.4,
      "x": -2021.5
    },
    {
      "z": 32.81,
      "y": 3108.85,
      "x": -1878.01
    }
  ],
  "360": [
    {
      "z": 5,
      "y": -1456.48,
      "x": -735.56
    }
  ],
  "361": [
    {
      "z": 58.04,
      "y": 2778.79,
      "x": 49.42
    },
    {
      "z": 44.98,
      "y": 2606.46,
      "x": 263.89
    },
    {
      "z": 39.55,
      "y": 2671.13,
      "x": 1039.96
    },
    {
      "z": 37.9,
      "y": 2660.18,
      "x": 1207.26
    },
    {
      "z": 37.94,
      "y": 2614.19,
      "x": 2589.69
    },
    {
      "z": 55.24,
      "y": 3293.95,
      "x": 2740.86
    },
    {
      "z": 32.4,
      "y": 3773.89,
      "x": 2005.06
    },
    {
      "z": 42.08,
      "y": 4929.39,
      "x": 1687.16
    },
    {
      "z": 32.76,
      "y": 6416.03,
      "x": 1701.31
    },
    {
      "z": 31.87,
      "y": 6602.84,
      "x": 179.86
    },
    {
      "z": 31.49,
      "y": 6419.59,
      "x": -94.46
    },
    {
      "z": 33.08,
      "y": 2334.4,
      "x": -2555
    },
    {
      "z": 138.65,
      "y": 803.66,
      "x": -1800.38
    },
    {
      "z": 46.21,
      "y": -276.75,
      "x": -1437.62
    },
    {
      "z": 13.17,
      "y": -320.29,
      "x": -2096.24
    },
    {
      "z": 19.21,
      "y": -935.16,
      "x": -724.62
    },
    {
      "z": 18.18,
      "y": -1211,
      "x": -526.02
    },
    {
      "z": 29.53,
      "y": -1761.79,
      "x": -70.21
    },
    {
      "z": 29.29,
      "y": -1261.31,
      "x": 265.65
    },
    {
      "z": 26.4,
      "y": -1028.85,
      "x": 819.65
    },
    {
      "z": 35.22,
      "y": -1402.57,
      "x": 1208.95
    },
    {
      "z": 69.32,
      "y": -330.85,
      "x": 1181.38
    },
    {
      "z": 103.09,
      "y": 269.1,
      "x": 620.84
    },
    {
      "z": 108.47,
      "y": 338.04,
      "x": 2638.32
    },
    {
      "z": 29.26,
      "y": -1562.03,
      "x": 176.63
    },
    {
      "z": 29.26,
      "y": -1562.03,
      "x": 176.63
    },
    {
      "z": 30.55,
      "y": -1471.71,
      "x": -319.29
    },
    {
      "z": 41.25,
      "y": 3330.55,
      "x": 1784.32
    }
  ],
  "362": [
    {
      "z": 4.87,
      "y": -1277.71,
      "x": -1336.3
    }
  ],
  "369": [],
  "370": [],
  "403": [],
  "419": []
}
